saturation_level,num_nonzero,total_positions,percentage_nonzero
1,25097,192096,13.064821755788772
2,39463,192096,20.543374146260206
3,55263,192096,28.768428285857073
4,66089,192096,34.40415209062135
5,75233,192096,39.16427203065134
6,13787,32016,43.062843578210895
