saturation_level,num_nonzero,total_positions,percentage_nonzero
0,6243,192096,3.249937531234383
1,12684,192096,6.602948525737132
2,25097,192096,13.064821755788772
3,39463,192096,20.543374146260206
4,55263,192096,28.768428285857073
5,66089,192096,34.40415209062135
6,75233,192096,39.16427203065134
7,13787,32016,43.062843578210895
