method,auc_mean,auc_std,n_datasets
v2,0.3806944461829869,0.01519658064606199,10
