dataset_id,method,auc
1,v2,0.39712560961823423
2,v2,0.4097940024169706
3,v2,0.3768646956979382
4,v2,0.3679581094026637
5,v2,0.3690667721323875
6,v2,0.3711021065894502
7,v2,0.3678174543390826
8,v2,0.37687119959935156
9,v2,0.39815348330615785
10,v2,0.37219102872763254
