method,auc_mean,auc_std,n_datasets
ref,0.6338333440881235,0.008313446124144282,10
v0,0.7323734224451982,0.012454537552845939,10
v1,0.6515119223261829,0.011611807027883001,10
v2,0.3806944461829869,0.01519658064606199,10
